"id, name"
"379,Mary Patterson"
"16,Helen Lawson"
"718,Ernest Summers"
"536,Elijah Rice"
"32,Jack Duncan"
"23,Sadie Santiago"
"279,Dominic Jenkins"
"526,Eula Fletcher"
"23,Jesse Boone"
"389,Iva Blair"
"8,Norman Hayes"
"912,Corey Love"
"295,Iva Mathis"
"26,Catherine Bowman"
"619,Chris Gibson"
"430,Gerald Morrison"
"747,Laura Park"
"788,May McKenzie"
"240,Alexander Padilla"
"590,Estelle Dunn"
"13,Connor Allison"
"892,Nathan Ryan"
"141,Violet Mann"
"876,Amelia Hill"
"675,Emily Copeland"
"748,Norman Wheeler"
"903,Myrtle Perry"
"641,Luis Bowen"
"161,Mamie Holland"
"164,Madge Klein"
"855,Mae Marsh"
"429,Olivia Douglas"
"184,Jeffrey Patrick"
"388,Christina Dunn"
"923,Cordelia Padilla"
"433,Jacob Lucas"
"250,Lillian Ward"
"936,Lelia Rivera"
"923,Mina Alvarado"
"663,Calvin Jefferson"
"906,Ernest Aguilar"
"700,Nancy Barton"
"466,Victoria Sandoval"
"73,Fanny Jackson"
"451,Bruce Garrett"
"618,Marc Jimenez"
"504,Noah Lucas"
"606,Sara Ellis"
"742,Nell Chapman"
"525,Cecilia Hicks"
"287,Della Quinn"
"502,Trevor Gonzalez"
"856,Justin Sutton"
"528,Lelia Stone"
"638,Curtis Rhodes"
"608,Lillian Munoz"
"863,Delia Day"
"54,Nelle Stevenson"
"593,Aiden Price"
"109,Josephine Drake"
"280,Frank Black"
"698,Sophia Hernandez"
"90,Rosalie Lawson"
"355,Sara Gutierrez"
"37,Claudia Huff"
"485,Brent Barrett"
"48,Clara Roy"
"585,Garrett Williams"
"879,Robert Ford"
"261,Peter Reese"
"101,Carl Moreno"
"670,Susan Pierce"
"953,Carlos Austin"
"432,Dustin Rodriguez"
"537,Jessie Huff"
"183,Shane Garza"
"234,Gilbert Bass"
"294,Jane French"
"153,Lillian Lopez"
"894,Marie Henry"
"8,Victoria Gilbert"
"783,Betty Poole"
"181,Lucinda Howell"
"47,Chester Bell"
"23,Emma Hubbard"
"778,Ruby Montgomery"
"463,Jason George"
"425,Susan Matthews"
"596,Ora Thornton"
"47,Lola Terry"
"609,Isaac Jordan"
"647,Rebecca Jackson"
"650,Pearl Crawford"
"141,Bruce Yates"
"936,David Briggs"
"618,Adrian Rowe"
"890,Ida Fleming"
"430,Connor Hall"
"363,Blanche Meyer"
"286,Maurice Salazar"
"956,Henrietta Wallace"
"353,Austin Stone"
"923,Eleanor Munoz"
"669,Lewis Patterson"
"168,Wayne Obrien"
"902,Virginia Huff"
"399,Matilda Willis"
"749,Dollie Fitzgerald"
"557,Ethel Harmon"
"10,Justin Gray"
"326,Tony Wright"
"921,Annie Morales"
"403,Mollie Oliver"
"593,Nellie Stevenson"
"12,Jesus Vargas"
"52,Wesley Garza"
"9,Hester Rodriguez"
"347,Cole Price"
"226,Rodney Daniel"
"942,Irene Gill"
"507,Willie Price"
"175,Ora Schneider"
"281,Billy Alvarado"
"64,Louisa Poole"
"834,Roy Reed"
"707,Kenneth Crawford"
"320,Alex Rivera"
"573,Mike Pittman"
"239,Gavin Ramirez"
"487,Cornelia Cruz"
"256,Iva Williamson"
"261,Amy McLaughlin"
"20,Sam Hanson"
"614,Lilly Daniel"
"400,Hunter Erickson"
"633,Verna Lucas"
"633,Elnora Reynolds"
"865,Millie Kelly"
"415,Alejandro Chapman"
"507,Stella Moore"
"210,Pearl Brady"
"757,Lester Barnett"
"178,Frederick McBride"
"922,Jared Reynolds"
"493,Mabelle Maxwell"
"989,Zachary Carlson"
"201,Adele Perez"
"814,Lida Dunn"
"593,Mayme Underwood"
"59,Tom May"
"666,Brett Doyle"
"120,Lina Wright"
"646,Eleanor Diaz"
"708,Winnie Jones"
"667,Lottie Morton"
"880,Jeffery Marshall"
"906,Jackson Phelps"
"603,Alexander Clark"
"461,Mike Perry"
"942,Mabel Hall"
"516,Milton Matthews"
"233,Tony Carson"
"818,Jessie Lee"
"256,Marvin Castillo"
"773,Christopher Smith"
"764,Lizzie Curry"
"766,Dylan Hunter"
"528,Nellie Joseph"
"822,Jerome Harper"
"387,John Sims"
"561,Olivia Rhodes"
"757,Betty Rose"
"964,Mamie Ferguson"
"371,Madge Hale"
"770,Millie Colon"
"66,Steve Massey"
"507,Chase Johnson"
"990,Mittie Jefferson"
"989,Carrie Newman"
"380,Francis Salazar"
"61,Mario Montgomery"
"321,Allen Cruz"
"917,Richard Rios"
"320,Mattie Logan"
"889,Fanny Phelps"
"0,Lola Higgins"
"351,Bessie Wolfe"
"376,Mason Romero"
"659,Ann Casey"
"941,Carlos Lloyd"
"696,Angel Schwartz"
"114,Isaiah Hanson"
"644,Alberta Little"
"63,Kyle Arnold"
"209,Hattie Lopez"
"997,Albert Weaver"
"940,Allen Ramsey"
"591,Lena Gonzales"
"949,Barry Guerrero"
"985,Isabella Phillips"
"616,Miguel Benson"
"707,Dylan Long"
"687,Shane Todd"
"483,Helena Hanson"
"765,Jeanette Parker"
"164,Amanda Harper"
"585,Louisa Stone"
"957,Essie Ramirez"
"676,Albert Russell"
"16,Glenn Warren"
"398,Ellen Wells"
"262,Kevin Hunt"
"15,Eddie Mitchell"
"17,Albert Underwood"
"614,Susie Mitchell"
"632,Dennis Goodwin"
"369,Alma Morales"
"786,Ophelia Morales"
"746,Micheal Fuller"
"365,Marion Bradley"
"265,Clarence Lewis"
"679,Effie Steele"
"609,Rena Wallace"
"389,Carolyn Luna"
"467,Jayden Schmidt"
"646,Maude Webster"
"626,Leo Griffin"
"268,Loretta Stokes"
"57,Marguerite Walters"
"239,Edward Miller"
"751,Emilie Reynolds"
"170,Mike Maxwell"
"67,Todd Saunders"
"351,Justin Flores"
"342,Minerva Cross"
"380,Frank Newton"
"68,Johanna Hammond"
"809,Carlos Moss"
"223,Howard McDaniel"
"797,Willie Wallace"
"947,Calvin Hernandez"
"958,Adelaide Sandoval"
"463,Jeffrey McDonald"
"665,Paul Greene"
"991,Benjamin Hernandez"
"841,Rachel Patrick"
"240,Dennis Jensen"
"250,Danny Kennedy"
"35,Estelle Davidson"
"919,Mathilda Bass"
"159,Alice May"
"671,Maggie Tyler"
"741,Chad Norris"
"314,Christine Hunt"
"209,Virginia Diaz"
"55,Travis Fuller"
"950,Celia Moran"
"891,Edward Franklin"
"159,Jackson Jacobs"
"871,Lydia Bailey"
"320,Clyde Patterson"
"199,Polly Pittman"
"396,Clara Bush"
"514,Kyle Murray"
"343,Hettie Buchanan"
"589,Adelaide Fuller"
"16,Wayne McCarthy"
"648,Emily Duncan"
"689,Jackson Hansen"
"299,Rosalie Barnett"
"261,Douglas Fisher"
"357,Bessie Rose"
"566,Jose Silva"
"637,Marion Bowen"
"854,Tillie Gutierrez"
"315,Milton Miles"
"700,Jane Cross"
"288,Eula Campbell"
"871,Jennie Oliver"
"856,Franklin Brady"
"377,Maggie Robbins"
"581,Emily Graves"
"304,Shane Simpson"
"113,Genevieve Owens"
"391,Don Collins"
"329,Miguel Newton"
"585,Alberta Alvarado"
"119,Myrtle Quinn"
"953,Bryan Phillips"
"811,George McDaniel"
"635,Angel Washington"
"94,Ruth Johnston"
"4,Ruby Rodriquez"
"790,Eugenia Ford"
"958,Millie Duncan"
"904,Lottie Griffith"
"873,Eddie Holloway"
"595,Matthew Perry"
"837,Devin Bell"
"122,Sadie Glover"
"383,Adrian Sims"
"983,Bernice Bennett"
"333,Nicholas Beck"
"121,Jose Williamson"
"398,Alberta Benson"
"264,Thomas Nichols"
"206,Jeffery Vaughn"
"533,Lawrence Mendoza"
"42,Nelle Abbott"
"104,Cole Potter"
"79,May Sharp"
"518,Jack Ross"
"915,Katherine Graves"
"105,Jessie Bass"
"631,Marion Massey"
"467,Myra Hampton"
"842,Virgie Price"
"283,Blake Fletcher"
"925,Lou Lamb"
"269,Matilda Griffith"
"245,Tommy Tran"
"584,Julia Griffin"
"951,Lydia Warren"
"855,Olive Butler"
"313,Gavin Reeves"
"948,Mitchell Rose"
"56,Rhoda Daniel"
"246,Rosetta Howell"
"624,Minerva Larson"
"996,Susan Berry"
"949,Mabelle Ellis"
"346,Marie Rodriquez"
"229,Mamie Weaver"
"963,Gilbert Howard"
"480,Chester Tate"
"40,Celia Flowers"
"691,Gabriel Ross"
"73,Dollie Harmon"
"870,Lawrence Gonzales"
"499,Ruby Vega"
"438,Jon Howard"
"406,Nora Black"
"80,Logan Cohen"
"641,Seth Maxwell"
"553,Cameron Welch"
"319,Katie Powers"
"927,Della Curry"
"17,Phoebe Conner"
"279,Edna Mullins"
"823,Isaiah Barnes"
"93,Laura Bishop"
"872,Elva Chavez"
"589,Estella Fields"
"540,Frances Jennings"
"434,Christine Norton"
"687,Chase Vaughn"
"82,Jessie Townsend"
"240,Dorothy Schneider"
"613,Elmer Houston"
"31,Philip Fox"
"173,Jimmy Underwood"
"753,Hettie Ferguson"
"330,Evelyn Fowler"
"52,Georgie Hughes"
"807,Sylvia Tyler"
"788,Iva Watkins"
"493,Warren Potter"
"551,Russell Stewart"
"743,Amanda Cross"
"795,Edgar Barton"
"806,Lucinda Fleming"
"137,Garrett Waters"
"658,Roger Owens"
"228,Nell Collins"
"563,Myrtie Warner"
"544,Nannie Johnston"
"460,Dora Ramirez"
"392,Violet Howell"
"6,Edward Jefferson"
"871,Evan Herrera"
"115,Helena Reid"
"481,Beatrice Luna"
"213,Adam Torres"
"233,Stephen Dennis"
"949,Ann Barber"
"621,Kenneth Taylor"
"371,Josie Osborne"
"851,Louisa Hopkins"
"94,Lulu Gregory"
"805,Carlos Neal"
"197,Mario Taylor"
"894,Willie Norman"
"447,Henrietta Wise"
"570,Alejandro Hampton"
"907,Mable Haynes"
"301,Bruce Gregory"
"8,Mabel Sanchez"
"388,Tom Ferguson"
"539,Tom Tyler"
"616,Edna Pierce"
"975,Edwin Joseph"
"548,Joseph Swanson"
"643,Mark Kelley"
"94,Lucinda Hale"
"197,Elva Price"
"363,Clayton Walsh"
"617,Derek Brock"
"818,Celia Wise"
"283,Edna Hines"
"247,Theresa Parks"
"255,Barry Ryan"
"333,Walter Hodges"
"265,Inez Arnold"
"646,Manuel Lindsey"
"883,Louise Shaw"
"545,Mitchell Higgins"
"186,Gordon Price"
"179,Winifred West"
"718,Lester Owen"
"598,Danny Bradley"
"76,Christian Campbell"
"395,Dollie Adams"
"635,Josie Fletcher"
"111,Ivan Bailey"
"654,Rose Townsend"
"403,Eric Goodman"
"259,Harriett Holland"
"942,Tony Gray"
"328,Sophia Neal"
"17,Ryan Howell"
"234,Lewis Patrick"
"183,Victor Nunez"
"680,Ellen Schmidt"
"560,Jennie Williams"
"232,Jeffrey Brady"
"184,Lina Wheeler"
"791,Mittie Hanson"
"739,Edwin Alexander"
"808,Lucille Price"
"432,Jack Robbins"
"692,David Watts"
"333,Mina McDonald"
"228,Jennie Armstrong"
"375,Mae Lane"
"65,Myrtle Sutton"
"920,Ora McGee"
"63,Harry Schneider"
"759,Milton Shaw"
"665,Dominic Weber"
"494,Landon McCormick"
"791,Effie Powell"
"524,Mathilda Gomez"
"608,Lela Thompson"
"962,Eva Rodriguez"
"22,Helena Hodges"
"804,Cecilia Soto"
"775,Larry Lawson"
"799,Kevin Bush"
"279,Willie Weber"
"235,Thomas Lawson"
"511,Jean Clark"
"797,Amy Jefferson"
"882,Walter Parks"
"819,Lydia Wells"
"637,Justin Schmidt"
"990,Cordelia Turner"
"732,Harriet Mullins"
"297,Alberta Huff"
"445,Jimmy Castro"
"775,Amanda Rogers"
"915,Alex Morton"
"429,Viola Shaw"
"661,Lillian Logan"
"743,Lura McKinney"
"934,Dylan Simon"
"841,Brent Buchanan"
"813,Elijah Barrett"
"224,Herman Mullins"
"598,Lulu Garrett"
"426,Brian Buchanan"
"415,Stella Elliott"
"685,Seth Foster"
"146,Nicholas Stevens"
"607,Douglas Dean"
"255,Justin Klein"
"937,Erik Roy"
"5,Ellen Fitzgerald"
"354,Jorge Williamson"
"287,Kyle Patrick"
"1,Troy Chambers"
"408,William Luna"
"823,Rachel Carpenter"
"889,Leonard Patterson"
"588,Terry Jones"
"630,Celia Webb"
"719,Florence Silva"
"219,Douglas Cross"
"422,Mina Leonard"
"480,Katie Morton"
"355,Ella Baldwin"
"174,Frederick King"
"162,Larry Knight"
"439,May Goodman"
"180,Bernard Walker"
"551,Kenneth Terry"
"525,Lola Hardy"
"491,Susan Norton"
"967,Walter Thomas"
"664,Mathilda Howard"
"26,Elmer Hodges"
"47,Adrian Ryan"
"702,Isabel Clayton"
"371,Walter Bowers"
"698,Estelle Padilla"
"151,Randy Cross"
"413,Henrietta Ramos"
"161,Claudia Romero"
"100,Rosie Robbins"
"657,Ronald Lowe"
"901,Marian Hardy"
"279,Jose Banks"
"543,Noah Robbins"
"280,Verna Rodgers"
"901,Sue McKinney"
"264,Iva Mann"
"460,Emily Schmidt"
"412,Johanna Peterson"
"330,Gary Collins"
"921,Norman Bowers"
"520,Arthur Henry"
"961,Etta Greer"
"341,Harold Williamson"
"215,Leila Salazar"
"462,David May"
"653,Benjamin Lyons"
"932,Hallie Dennis"
"393,Emilie Weaver"
"147,Ruth Miles"
"430,Eunice Beck"
"200,Jeff Owens"
"294,Jay Curtis"
"960,Theodore Hale"
"998,Shawn Newton"
"47,Victoria Fuller"
"821,Earl Castillo"
"372,Anthony Padilla"
"791,Adeline Mills"
"220,Clara Barnett"
"141,Stephen Townsend"
"185,Henrietta Hansen"
"815,Evan Patton"
"765,Dylan Fletcher"
"339,Maggie Delgado"
"676,Bertie Horton"
"120,Ricardo Sherman"
"81,Jon Franklin"
"379,Lelia Manning"
"190,Alan Owen"
"679,Gerald Williamson"
"348,Derrick Carroll"
"120,Jason Clark"
"103,Cole Collier"
"365,Craig Douglas"
"820,Grace Rhodes"
"715,Hilda Sutton"
"492,Alejandro Roberts"
"683,Mitchell Ingram"
"846,Pearl Roberson"
"510,Matilda Thomas"
"575,Mollie Garcia"
"698,Myrtle Spencer"
"466,Gavin Park"
"995,Eliza Townsend"
"586,Lillian Gomez"
"87,Dylan Malone"
"966,Amy Butler"
"460,Derek Hunter"
"291,Tom Henry"
"392,Ray Higgins"
"299,Alberta Harris"
"288,Sophia Webster"
"835,Ronnie Ortega"
"979,Oscar Roberson"
"705,Lottie Campbell"
"116,Scott Bowers"
"837,Justin Kelly"
"351,Stella Bowers"
"799,Sara Garrett"
"166,Mason Hernandez"
"886,Juan Brock"
"797,Mittie Hill"
"8,May Jimenez"
"320,Catherine Jordan"
"99,Pauline Bowers"
"518,Robert Barnes"
"80,Alan Huff"
"177,Don Summers"
"196,Juan Bass"
"400,Martin Parker"
"31,Mabel Watts"
"352,Matthew Harmon"
"203,Nettie Moody"
"35,David Ramos"
"757,Eric Gray"
"442,Bradley Saunders"
"585,Elsie Smith"
"100,Maria Henderson"
"571,Fred Howard"
"718,Virgie Warner"
"15,Dustin Curry"
"516,Rena Baker"
"745,Virginia Montgomery"
"516,Mitchell Hughes"
"152,Aaron Berry"
"830,Bernice Meyer"
"718,Rose Lane"
"268,Luella Chapman"
"156,Jeremiah Hammond"
"408,Aaron Sims"
"498,Raymond Burton"
"339,Alvin Miles"
"495,Emilie Simpson"
"438,Henrietta Castillo"
"71,Katherine McGee"
"964,Josie Chandler"
"934,Adrian Stokes"
"249,Phillip Reeves"
"998,Dora Reynolds"
"730,Blake Jacobs"
"227,Charles Bishop"
"301,Ernest Coleman"
"475,Jeffery Poole"
"316,Catherine Fleming"
"51,Anthony Delgado"
"844,Cecilia Thornton"
"797,Nathan Zimmerman"
"466,Claudia Singleton"
"381,Jane Wells"
"918,Shawn Patton"
"47,Steve Parsons"
"559,Marcus Stevens"
"458,Antonio Jensen"
"715,Florence Roberts"
"992,Mario Franklin"
"853,Jonathan Valdez"
"725,Jerry Matthews"
"59,Bettie Hodges"
"720,Ida Lambert"
"256,Edna Townsend"
"832,Jeremy Keller"
"602,Ola Harper"
"172,Loretta Stevenson"
"961,Fannie Clayton"
"63,Georgia Walsh"
"586,Pauline Fowler"
"897,Teresa Ellis"
"643,Nicholas Bowen"
"580,Lillie Burton"
"804,Gordon Scott"
"132,Leona Castro"
"810,Emilie Reed"
"680,Erik McBride"
"674,Ida Lawson"
"921,Darrell Moody"
"374,Harriet Quinn"
"421,Rosalie Wallace"
"516,Elnora Mathis"
"824,Marian Luna"
"545,Annie Alvarez"
"252,Rebecca Klein"
"594,Donald Huff"
"465,Clifford Shaw"
"793,Pearl Delgado"
"758,Christina Robbins"
"140,Mabel Bell"
"302,Blanche Klein"
"327,Jared Murray"
"26,Lily Reyes"
"577,Julia Dunn"
"965,Hattie Torres"
"498,Ronald Byrd"
"119,Sadie Hogan"
"828,Isabelle Reed"
"277,Calvin Jones"
"725,Esther Nash"
"568,Ellen Young"
"130,Cordelia Kennedy"
"285,Ray Jefferson"
"696,Agnes West"
"771,Darrell Rowe"
"842,Walter Garcia"
"808,Christopher Russell"
"452,Cecelia Tate"
"781,Lucille Moran"
"687,Antonio Collins"
"22,Roy Rios"
"700,Justin Evans"
"117,Ann Crawford"
"190,Elmer Glover"
"797,Mary Robinson"
"674,Joshua Wise"
"810,Brian Moody"
"519,Mabel Campbell"
"410,Amanda Andrews"
"779,Ronnie Guerrero"
"620,Ida Fleming"
"912,Verna Burton"
"332,Glen Lloyd"
"585,Ralph Jackson"
"231,Della Lewis"
"772,Susan Patrick"
"198,Catherine Beck"
"617,Beulah Clarke"
"697,Frances Daniels"
"140,Charlie Bowman"
"876,Myrtle Tate"
"57,Max Carroll"
"38,Jorge Smith"
"995,Catherine Reynolds"
"381,Paul Brooks"
"54,Eunice Horton"
"152,Melvin Strickland"
"423,Glen Bryan"
"146,Rena Gilbert"
"768,Wayne Peterson"
"380,Mathilda McCarthy"
"437,Jose Brooks"
"627,Clifford Burgess"
"231,Lottie Pierce"
"901,Howard Bates"
"390,Mitchell Harris"
"954,Lucy Hanson"
"787,Jane Barker"
"479,Tillie McCormick"
"816,David Snyder"
"20,Sophia Gonzales"
"874,Chad Owen"
"176,Sylvia Washington"
"114,Brian Gross"
"104,Callie Wolfe"
"783,Matilda Willis"
"676,Martha Matthews"
"18,Julian Jimenez"
"444,Cornelia Holland"
"114,Virginia Bush"
"353,Phillip Snyder"
"674,Bernice Hayes"
"292,Floyd Lawrence"
"130,Mable Stokes"
"842,Jacob Underwood"
"166,Willie Pope"
"650,Francis Freeman"
"613,Alberta Ramsey"
"543,Jacob Hines"
"715,Adelaide Becker"
"427,Antonio Houston"
"812,Alex Barnes"
"652,Mina Ward"
"880,Lena Cross"
"346,Edward Strickland"
"221,Adele Day"
"100,Austin Newman"
"36,Cole Carr"
"570,Ronnie Watson"
"376,Ethel Weaver"
"252,Craig Black"
"789,Tom Porter"
"384,Adrian Griffin"
"159,Roger Black"
"389,Susie Lowe"
"881,Ina Cannon"
"798,Trevor Saunders"
"63,Tyler Wise"
"465,Florence Bowman"
"66,Aaron Morales"
"941,Russell Patterson"
"20,Teresa Little"
"266,Louise Clayton"
"496,Estella Ball"
"157,Lucas Lambert"
"247,Marian Roy"
"840,Joe Terry"
"121,Evelyn Roberts"
"529,Genevieve Nelson"
"447,Julian Luna"
"930,Robert Houston"
"156,Josephine Becker"
"605,Randy Powers"
"210,Jim Lawson"
"708,Erik Kim"
"729,Abbie Goodwin"
"756,Ina Wheeler"
"234,Linnie Washington"
"479,Fannie Price"
"470,Nina Turner"
"986,Fanny Marsh"
"391,Nicholas Watts"
"794,Pearl Figueroa"
"749,Jerome Park"
"587,Allie Williamson"
"85,Keith Hall"
"125,John Sullivan"
"225,Verna Patrick"
"865,Isabelle Evans"
"913,Bessie Santiago"
"541,Alice Cunningham"
"50,Leo Pierce"
"52,Amanda Lewis"
"807,Keith Burton"
"296,Cynthia White"
"239,Larry Ferguson"
"409,Danny Schultz"
"589,Katharine Jimenez"
"887,Lucy Murray"
"372,Henry Padilla"
"215,Hattie Sullivan"
"724,Ivan Todd"
"646,Lola Lawrence"
"866,Catherine Daniels"
"89,Derrick Montgomery"
"658,Jose Wood"
"812,Theodore Collier"
"655,Cynthia McDaniel"
"294,Samuel Cox"
"84,Allie Moreno"
"515,Danny Holloway"
"993,Mason Riley"
"324,Christian Higgins"
"673,Larry Beck"
"583,Catherine Stone"
"272,Nelle Neal"
"587,Willie Hampton"
"560,Marcus Warren"
"329,Roy Kennedy"
"489,Abbie Sandoval"
"555,Franklin Palmer"
"909,Jon Sandoval"
"226,Olive Norris"
"965,Inez Welch"
"259,Owen Hunt"
"105,Benjamin Miles"
"183,Clarence Craig"
"536,Celia Lewis"
"534,Marian Cunningham"
"960,Jerome Peterson"
"233,Mathilda Guzman"
"60,Jon Ramos"
"78,Elva Barnes"
"671,Inez Young"
"607,Addie Bryant"
"532,Louise Grant"
"712,Nathaniel Wood"
"111,Eddie Murray"
"513,Leonard Kim"
"535,Bobby Weber"
"382,Steve Hines"
"677,Myrtie Carroll"
"175,Jeff Moss"
"713,Abbie Burgess"
"567,Stanley Flores"
"378,Alvin Curry"
"521,Alex Quinn"
"848,Marie Swanson"
"886,Stella Ortega"
"864,Marc Wells"
"74,Katharine Powers"
"102,Jesse Fox"
"745,Eugene Higgins"
"49,Donald Joseph"
"894,Katharine Boyd"
"191,Estelle Hines"
"969,Cecilia Jefferson"
"854,Rachel Berry"
"399,Edith Rice"
"516,Mamie Daniel"
"217,Della Wolfe"
"756,Chad Schwartz"
"316,Thomas Grant"
"436,Micheal Gutierrez"
"795,Samuel Holt"
"396,Arthur Norton"
"610,Lulu Larson"
"279,Lela Willis"
"907,Don Vega"
"73,Alfred Gibson"
"95,Scott Patrick"
"937,Clara Townsend"
"763,Fannie Leonard"
"144,Landon Greene"
"908,Cornelia Hardy"
"334,Nell Snyder"
"467,Daisy Holmes"
"201,Dustin Ray"
"96,George Beck"
"877,Barry Newton"
"853,Timothy Peters"
"820,Alex Richardson"
"713,David Stokes"
"630,Nellie Powell"
"135,Joseph McCarthy"
"568,Hunter Murray"
"469,David Davidson"
"297,Chris Vargas"
"200,Eleanor Elliott"
"68,Ray Nichols"
"882,Pearl Henry"
"257,Larry Payne"
"751,Mildred Reed"
"375,Mabel Maxwell"
"130,Susie Hines"
"748,Beatrice McCormick"
"692,Isaiah Bryan"
"507,Matilda Vaughn"
"864,Sylvia Cohen"
"235,Douglas Alvarez"
"971,Flora Martin"
"464,Walter Kennedy"
"729,Lina Hogan"
"266,Rosetta Wood"
"115,Lora Stevens"
"713,Joe Allison"
"488,Leila Bush"
"505,Mason Farmer"
"376,Cordelia Ramsey"
"540,Sara Bryant"
"862,Christian Yates"
"798,Genevieve Williamson"
"637,Rebecca Gibson"
"634,Joe Newton"
"810,Sylvia Miller"
"275,Isaac Mendoza"
"322,Cynthia Olson"
"579,Jennie Bradley"
"406,Erik Houston"
"17,Birdie Hughes"
"913,Chris Bailey"
"696,Dale Shelton"
"654,Kate Rogers"
"18,Wayne Baldwin"
"962,Nicholas Copeland"
"272,Cecilia Lynch"
"774,Gene Carr"
"564,Sallie Bowen"
"993,Steven Boone"
"250,Mayme Bass"
"271,Jason Parsons"
"263,Cody Miller"
"117,Jordan Quinn"
"860,Bertha Thornton"
"126,Floyd Lloyd"
"167,Vincent McCarthy"
"434,Katherine Spencer"
"907,Caroline Harmon"
"980,Ora Chandler"
"334,Lilly Jensen"
"923,Tom Kennedy"
"161,Erik Norman"
"914,Eliza Phelps"
"745,Ian Moreno"
"335,Augusta Bowen"
"780,Myrtie Howard"
"854,Louisa Martin"
"258,Charlie Kim"
"621,Adeline Banks"
"249,Tommy Long"
"771,Leah Hicks"
"615,Marvin Love"
"298,Gordon Simpson"
"306,Lucinda Adams"
"364,Mabelle Mack"
"682,Bryan Ford"
"516,Norman Rios"
"787,Rachel Hall"
"904,Allie Payne"
"317,Derek Patterson"
"394,Minnie McCarthy"
"734,Jesse Andrews"
"15,Blake Lopez"
"269,Edith Lindsey"
"992,Cornelia Foster"
"933,Ricardo White"
"701,Hester Phelps"
"223,Nancy Brock"
"135,Joshua Reyes"
"191,Antonio French"
"811,Jean McKenzie"
"170,Hannah Colon"
"39,Frederick Hanson"
"966,Nathan Bryan"
"389,Hannah Goodman"
"460,Owen Hardy"
"186,Raymond Lane"
"678,Eunice Townsend"
"374,Katharine Bates"
"497,Pearl Wilkins"
"185,Jeremy Campbell"
"975,Jordan Washington"
"156,Hunter Lindsey"
"656,Bernice Garner"
"137,Mina Miller"
"536,Sylvia Diaz"
"147,Dollie Little"
"597,Carolyn Reid"
"725,Keith Lucas"
"807,Winnie Woods"
"559,Olivia Ramirez"
"794,Loretta Rodriguez"
"462,Nell Holmes"
"970,Herbert Patterson"
"659,Josephine Lyons"
"207,Leona Moody"
"359,Millie Simon"
"353,Barbara Aguilar"
"63,Lucas Beck"
"455,Blake Colon"
"884,Eric Glover"
"148,Louis McDaniel"
"914,Mollie Casey"
"282,Frank Black"
"408,Nell Patrick"
"995,Henry Burgess"
"751,Bess Lawson"
"873,Lydia Butler"
"359,Myrtie Burgess"
"316,Elva Curry"
"174,Timothy Robbins"
"833,Myrtle Erickson"
"327,Caroline Ford"
"825,Jay Stewart"
"132,Benjamin Leonard"
"159,Katharine Stevens"
"968,Richard Mendez"
"982,Robert Schultz"
"278,Lettie Hansen"
"355,Harold Brewer"
"511,Vernon Payne"
"385,Miguel Miller"
"728,Ophelia Page"
"172,Myra Garner"
"196,Logan Flores"
"618,Nellie Higgins"
"255,Leona Cain"
"492,Fred Fletcher"
"669,Mamie Daniels"
"803,Lilly Cummings"
"657,Glenn Allen"
"657,Angel Mason"
"713,Lucas Fleming"
"49,Ernest Miller"
"74,Dean Gardner"
"24,Cordelia Jimenez"
"776,Jared Saunders"
"609,Rebecca Walton"
"712,Rosie Summers"
"684,Teresa Lowe"
"693,Warren Nguyen"
"708,Emma Wolfe"
"238,Catherine Rios"
"438,Dominic Frazier"
"812,Terry Johnston"
"641,Amy Kelley"
"964,Billy Aguilar"
"378,Susan Lewis"
"249,Adrian Gross"
"310,Ralph Bradley"
"441,Minnie Summers"
"267,Hettie Christensen"
"81,Ophelia Davidson"
"628,Addie Williamson"
"287,Maud Montgomery"
"294,Inez Briggs"
"656,Jeremiah Park"
"776,Leo Williamson"
"367,Nathaniel Snyder"
"807,Paul Torres"
"260,Luella Peters"
"301,Jorge Allison"
"443,Don Patrick"
"51,Lenora Carson"
"771,Charlotte Sanchez"
"201,Ray Burgess"
"688,Claudia Long"
"171,James Dixon"
"393,Jose Dixon"
"632,Adrian Walters"
"194,Marie Vega"
"605,Ida Lynch"
"592,Jesus Chambers"
"410,Sara Aguilar"
"748,Ethel Hicks"
"628,Bettie Collier"
"871,Joe Mathis"
"682,Cody Park"
"677,Mary Murphy"
"114,Marion Alexander"
"458,Alfred Collier"
"29,Isabel Francis"
"690,Glen Figueroa"
"512,Milton Adkins"
"393,Harry Chambers"
"166,Frederick Benson"
"146,Eunice Tyler"
"941,Carolyn Moore"
"717,Cole Fisher"
"195,Lillian Colon"
"80,Mamie Owens"
"455,Angel Barnett"
"590,Elnora Reyes"
"714,Bradley Edwards"
"206,Josephine Simpson"
"160,Scott Wolfe"
"209,Jonathan Schmidt"
"121,Nathaniel Moran"
"925,Lettie Freeman"
"751,Olivia Cobb"
"283,Chester Walsh"
"120,Jorge Valdez"
"462,Maud Long"
"279,Francisco Robinson"
"221,Jordan Burke"
"252,Nannie Kim"
"860,Steve Pope"
"513,Melvin Gonzalez"
"435,Alexander Butler"
"928,Tyler Padilla"
"105,Teresa Hansen"
"277,Martin Marshall"
"54,Edith Potter"
"104,Cynthia Hart"
"629,Jay Craig"
"786,Lenora Jensen"
"119,Keith Snyder"
"302,Franklin Ford"
"911,Eliza Hubbard"
"907,Tommy Wilkerson"
"78,Fanny Burgess"
"247,Margaret Holt"
"434,Randall Snyder"
"423,Nathan Lowe"
"50,Theresa Little"
"719,Lloyd Flores"
"835,Nora Soto"
"13,Kevin King"
"396,Gussie Woods"
"725,Mary Cohen"
"172,Fannie Crawford"
"96,Hester Townsend"
"347,Curtis Figueroa"
"173,Ina Guerrero"
"939,Maria Richardson"
"599,Russell Torres"
"384,Emily Ford"
"955,Lina Pittman"
"149,Myra Bishop"
"679,Maria Mathis"
"466,Ola McCarthy"
"931,Genevieve Byrd"
"5,Harriett Guerrero"
"73,Landon Haynes"
"752,Lettie Elliott"
"637,Amanda Alexander"
"377,Trevor Vaughn"
"586,Floyd Goodman"
"317,Adeline Taylor"
"121,Blanche Osborne"
"807,Susan Castro"
"141,Alan Ferguson"
"727,Chad Foster"
"406,Miguel Gordon"
"46,Frederick Jones"
"716,Augusta Ford"
"36,Bryan Johnston"
"750,Victoria Jacobs"
"910,Lilly Colon"
"475,Jesus Kelly"
"228,Zachary Willis"
"849,Carrie Fox"
"325,Georgia Rios"
"332,Mayme Buchanan"
"493,Dale McCoy"
"638,Leroy Reed"
"849,Earl Obrien"
"541,Andrew Harvey"
"924,Lucy Murray"
"946,Jesus Greene"
"861,Gabriel Daniels"
"222,Zachary Waters"
"374,Harry Chapman"
"943,Victor Moreno"
"404,Jared Simon"
"429,Stella Love"
"546,Jon Gilbert"
"473,Teresa Murphy"
"771,Angel McDonald"
"508,Emilie Wallace"
"227,Shane Chavez"
"921,Angel Gilbert"
"473,Dominic Brewer"
"514,Inez Murray"
"51,Sarah Walsh"
"102,Laura Rice"
"63,Bessie Lawrence"
"973,Carl Hammond"
"176,Celia Schneider"
"363,Cory Lynch"
"651,Nettie Mendez"
"989,Milton Webb"
"485,Etta Jensen"
"149,Dean Chandler"
"263,Henrietta Smith"
"320,Tom Ray"
"372,Jeff Bowman"
"595,Nell Roy"
"275,Sally Barrett"
"990,Don Day"
"597,Mike McKenzie"
"227,Belle Estrada"
"978,Lettie Rios"
"425,David West"
"289,Jerome Bennett"
"842,Sam May"
"647,Addie Allison"
"650,Curtis Craig"
"968,Wesley Atkins"
"476,John Owens"
"190,Agnes Watson"
"460,Mason Larson"
"368,Charles Peters"
"287,Sophie Blair"
"125,Mario McKenzie"
"309,Lucy Vargas"
"614,Kenneth Ingram"
"676,Fred Jacobs"
"348,Steve Medina"
"517,Thomas Harrington"
"267,Melvin Snyder"
"221,Tom Patrick"
"876,Antonio Reyes"
"235,Luella Griffith"
"839,Derrick Singleton"
"307,David Warner"
"718,Sylvia Cortez"
"386,Tyler Leonard"
"305,Millie Cruz"
"999,Margaret Bridges"
"965,Anthony Burns"
"514,Antonio Nunez"
"883,Edwin Brady"
"973,Francisco Rice"
"981,Etta Chavez"
"130,James Bates"
"10,Della Bowman"
"890,Adam French"
"882,Jennie Adams"
"572,Cecelia McCoy"
"511,Ivan Hart"
"154,Birdie Freeman"
"563,Christina Chapman"
"233,Josie Hampton"
"372,Maria Armstrong"
"742,Cameron Hall"
"989,Brandon Pittman"
"343,Rebecca Baker"
"239,Chad Young"
"852,Myrtle Walker"
"146,Calvin Gonzales"
"755,May Logan"
"711,Josephine Brown"
"294,Brandon Frank"
"945,Glenn Reeves"
"383,Henrietta Curtis"
"984,Kate Schneider"
"747,Leo Lucas"
"353,Addie Maldonado"
"216,Francis Sherman"
"519,Harriet Wallace"
"60,Nina Ford"
"846,Helen McCarthy"
"505,Floyd Poole"
"115,Henry Simpson"
"518,Edgar Rogers"
"449,Katherine Burke"
"556,Celia Baker"
"875,Ralph Mendez"
"917,Gussie Reeves"
"868,Rhoda Gross"
"803,Nicholas Cohen"
"732,Adelaide Pratt"
"69,Pearl Nichols"
"914,Isabel Mann"
"145,Glenn Saunders"
"650,Clara Rose"
"90,Ivan Fernandez"
"179,Austin White"
"802,Clayton Carter"
"573,Mabelle Webster"
"923,Samuel Logan"
"480,Willie Newman"
"395,Hester Palmer"
"253,Gavin Hines"
"618,Raymond Hampton"
"790,Jayden Alexander"
"778,Alberta Griffin"
"91,Willie Green"
"283,Anne Carter"
"748,Matilda Owens"
"22,Minnie Mills"
"721,Leonard Pratt"
"502,Elva Larson"
"716,Sophia Brooks"
"272,Stanley Taylor"
"968,Grace Briggs"
"551,Stephen Glover"
"775,Katie Nguyen"
"237,Beulah Adkins"
"310,John Aguilar"
"503,Theresa Moore"
"724,Chester Alvarez"
"565,Sally Mitchell"
"606,Mabelle Luna"
"823,Alex Romero"
"639,Hettie Mullins"
"40,Elmer Saunders"
"979,Barbara Knight"
"478,Ryan Fitzgerald"
"340,Derek Duncan"
"536,Eliza Sullivan"
"804,Matilda Mitchell"
"975,Viola Romero"
"976,Rosie Reyes"
"983,Johnny Jacobs"
"38,Richard Jimenez"
"214,Ola French"
"741,Rose Parsons"
"977,Nell Castro"
"215,Jean Barber"
"339,Joseph Bishop"
"916,Leila Waters"
"77,Shawn Jackson"
"346,Jesus Lowe"
"611,Ivan Rodgers"
"802,Beatrice Anderson"
"1,Estelle Houston"
"381,Christine Warner"
"344,Mina Davis"
"617,Allen Briggs"
"274,Ina Lyons"
"250,Alfred Reeves"
"258,Shane Gonzalez"
"631,Frank Harrington"
"929,Etta Guerrero"
"685,Aaron Dennis"
"954,Jerry Gregory"
"214,Belle Castro"
"779,Adam Watkins"
"4,Don Todd"
"635,Jeremy Pittman"
"479,Connor Farmer"
"547,Julian Erickson"
"494,Millie White"
"786,Madge Gutierrez"
"830,Viola Bennett"
"635,Johanna Sparks"
"667,Madge Ryan"
"802,Mattie Ingram"
"7,Rose Yates"
"713,Alvin Morgan"
"767,Fanny Vega"
"11,Donald Richardson"
"34,Kathryn Colon"
"139,Katie Hale"
"944,Jeff Hart"
"862,Wayne Rice"
"181,Tyler Frazier"
"992,Steven Holmes"
"664,Danny Thomas"
"508,Barbara Armstrong"
"557,Cynthia Ward"
"80,Pearl Reid"
"591,Mattie Elliott"
"984,Antonio Owens"
"426,Aiden Terry"
"557,Daisy Warren"
"457,Minerva Schneider"
"511,Micheal Ramos"
"680,Bernard Cole"
"724,Warren Fisher"
"160,Elijah Allison"
"64,Jessie Holt"
"433,Oscar Lyons"
"483,Leah Matthews"
"6,Evan Gonzalez"
"475,Gary Phelps"
"610,Shane Brooks"
"955,Brent Frank"
"591,Sadie Adkins"
"460,Floyd Perkins"
"57,Larry Medina"
"411,Lela Turner"
"138,Floyd Walters"
"604,Margaret Murray"
"539,Erik Tran"
"328,Georgia Gross"
"609,Lois Pittman"
"81,Allen Reeves"
"76,Logan Hammond"
"651,Joseph Fitzgerald"
"722,Samuel Carter"
"942,Olga Mann"
"453,Frank Neal"
"669,Marc Graham"
"860,Francisco Banks"
"930,Eunice Dixon"
"225,Emilie Miles"
"961,Travis Silva"
"409,Cecilia Garrett"
"77,Emily Wilkins"
"496,Bertha Rivera"
"37,Frederick Wallace"
"414,Leo Gibbs"
"113,Jon Rivera"
"625,Miguel Castillo"
"165,Eva Burke"
"151,Lily Lane"
"10,Lou Gilbert"
"499,Chase Morton"
"985,Jeffery Hudson"
"160,Francis Hicks"
"37,Birdie Lambert"
"675,Adelaide Cook"
"38,Ellen Palmer"
"584,Jim Erickson"
"20,Max May"
"317,Katharine Owen"
"970,Alvin Rodgers"
"270,Mario Norman"
"166,Elva Cole"
"649,Billy Rodriguez"
"444,Eric Hernandez"
"45,Edward Rogers"
"665,Lela Guzman"
"32,Manuel Bowen"
"136,Wayne McCormick"
"155,Ollie Allison"
"724,Luke Guzman"
"973,Alejandro Daniels"
"164,Marie Higgins"
"384,Virgie Ramsey"
"328,Nina Myers"
"241,Blanche Lopez"
"407,Christopher Davidson"
"169,Lola Summers"
"718,Bruce Ryan"
"132,Hester Blair"
"692,Elnora Obrien"
"230,Janie Schultz"
"130,Milton Holmes"
"332,Mason Owens"
"270,Barry Bryan"
"794,Jordan Kennedy"
"148,Victoria Olson"
"272,Claudia Smith"
"918,Tillie Ingram"
"229,Teresa Day"
"104,James Todd"
"336,Maud McCarthy"
"27,Lewis Marshall"
"824,Nelle Howell"
"574,Craig Watson"
"515,Theresa Williamson"
"942,Hunter Torres"
"435,Helena Parsons"
"992,Grace Terry"
"55,Troy Garrett"
"435,Minnie Vargas"
"471,Lucile Nunez"
"753,Florence Henry"
"557,Rosalie Wood"
"227,Logan Francis"
"652,Nina Cain"
"558,Gabriel Wolfe"
"532,Roy Johnston"
"849,Lou Sharp"
"34,Bradley Wong"
"806,Blanche Stewart"
"329,Lewis Mullins"
"672,Herbert Collins"
"450,Johnny Bishop"
"192,Tommy Jennings"
"723,John Hunt"
"689,Adele Hunt"
"577,Alma Davidson"
"126,Mabelle Barrett"
"948,Jose Brady"
"876,Zachary Poole"
"593,Marvin Gregory"
"682,Herman Williams"
"258,Madge Fisher"
"699,Marian Peterson"
"990,Bill Olson"
"792,Lina Lloyd"
"315,Richard Nichols"
"958,Fred Frank"
"569,Allie McBride"
"205,Winifred Rhodes"
"932,Marcus Miles"
"752,Ina Bryan"
"980,Jonathan Cortez"
"390,Rosetta Patton"
"834,Lola Goodwin"
"755,Juan Bryant"
"48,William Stewart"
"792,Ryan Martin"
"286,Annie Hanson"
"466,Mayme King"
"588,Emily Brady"
"629,Teresa Vasquez"
"115,Nellie Matthews"
"269,Kathryn Gomez"
"421,Calvin Edwards"
"451,Jesus Waters"
"262,Carlos Casey"
"809,Travis Turner"
"844,Isaac Weber"
"37,Cody Hall"
"65,Victoria Wood"
"808,Harriett Powers"
"8,Jon Bell"
"508,Warren Martinez"
"479,Winnie Ballard"
"113,Louisa Mills"
"643,Andrew Moreno"
"777,Kenneth Burton"
"581,Craig Collier"
"533,Kyle Bishop"
"146,Nelle Ingram"
"175,Leonard Luna"
"837,Louis Bryan"
"246,Lula Washington"
"329,Lloyd Perkins"
"890,Walter Miller"
"326,Edith Knight"
"316,Erik Cox"
"706,Frederick Mathis"
"825,Sarah Carson"
"582,Leila James"
"381,Annie Warner"
"521,Ophelia Patton"
"128,Brent Williams"
"25,Etta Christensen"
"671,Herman Atkins"
"834,Maud Webb"
"493,Max Watkins"
"496,Ian Torres"
"369,Elsie Banks"
"274,Timothy Lamb"
"529,David Brown"
"516,Sam McCormick"
"203,Nina Willis"
"70,Phoebe Delgado"
"418,Sallie Wilkerson"
"13,Mabelle Cannon"
"837,Jeffery Wagner"
"356,Birdie Ford"
"660,Christian Black"
"336,Clyde Massey"
"878,Jorge Wells"
"798,Etta Garcia"
"786,Millie Haynes"
"641,Barry McLaughlin"
"217,Joshua Shaw"
"679,Brett Shelton"
"192,Anthony Mendez"
"188,Austin Briggs"
"981,Lizzie Gonzalez"
"675,Ruth Porter"
"70,Harvey Carlson"
"534,Herbert Ward"
"661,Gavin Horton"
"348,Connor Wolfe"
"189,Jacob Thompson"
"526,Leah Rogers"
"772,Russell Wallace"
"600,Joe Hernandez"
"685,Dora Stanley"
"924,Milton Mitchell"
"918,Winifred Boyd"
"931,Samuel Stone"
"118,Jack Walton"
"241,Chester Bryan"
"794,Fannie Gill"
"203,Abbie Weber"
"451,Angel Stone"
"721,Bertha Castro"
"771,Jerry Fox"
"545,Manuel Cohen"
"354,Melvin Hubbard"
"237,Jennie Underwood"
"743,Erik Campbell"
"308,Celia White"
"429,Elmer Marsh"
"416,Erik Brown"
"1000,Rose Rose"
"618,Frederick Bowers"
"520,Mae Dunn"
"327,Lois Floyd"
"97,Rachel Gonzales"
"110,Daniel Rose"
"929,Matilda Clayton"
"831,Bertie Estrada"
"174,Aiden Phelps"
"592,Frank Lopez"
"725,Bertie Drake"
"909,Harold Green"
"185,Clara Powers"
"19,Roger Barnett"
"619,Lucinda Becker"
"422,Mildred Washington"
"647,Bertha Moore"
"411,Lula Erickson"
"139,Jesse Norris"
"57,Leonard Lewis"
"627,John Brooks"
"814,Sally Chavez"
"122,Jay Fisher"
"855,Margaret Sanders"
"525,Fanny Riley"
"296,Mitchell Gibson"
"84,Oscar Bryant"
"182,Marguerite Kelly"
"633,Jose Lucas"
"504,Louis Gross"
"823,Eddie Flores"
"796,Johnny Meyer"
"823,Gabriel Day"
"637,Flora Walsh"
"275,Cole Gutierrez"
"977,Hettie Atkins"
"725,Eva Logan"
"539,Ella Myers"
"380,Myrtie Graham"
"434,Francis Gregory"
"373,Bertie Evans"
"378,Luis Lopez"
"820,Ian Shaw"
"999,Jesse Hicks"
"568,David Martin"
"102,Martha Terry"
"483,Jerry Parks"
"628,Harriett Todd"
"724,Belle Mendez"
"452,Don Drake"
"273,Peter Rose"
"601,Marc Guzman"
"768,Fanny Harrington"
"394,David Gray"
"883,Henry Phelps"
"971,Lucinda McLaughlin"
"864,Ruth McKinney"
"102,Winifred Manning"
"750,Mark Bryan"
"285,Lettie Hubbard"
"569,Evelyn Guerrero"
"748,Lois Chavez"
"600,Lucas Townsend"
"971,Lillian Weber"
"89,Landon Strickland"
"517,Addie Cortez"
"882,Landon Maldonado"
"948,Mike Bryan"
"355,Effie Houston"
"850,Alma Holt"
"177,Susie Peterson"
"293,Violet Barrett"
"91,Bruce Ortiz"
"997,Justin Fleming"
"303,Dustin Rivera"
"589,Alfred Gardner"
"891,Mark Sanders"
"397,Jeremiah Bates"
"12,Lewis Bass"
"643,Mathilda Davidson"
"846,Lida Parks"
"725,Lois Wells"
"192,Robert Haynes"
"922,Alan Pearson"
"116,Essie Fowler"
"864,Lora Rodriquez"
"372,Jerry Brown"
"554,Henrietta Martin"
"55,Marc Webb"
"875,Frances Wade"
"908,Gordon Bowers"
"997,Jeffrey Weaver"
"806,Helena Hanson"
"285,William Richardson"
"643,Brent Newman"
"426,Clayton Massey"
"883,Della Tran"
"136,Mamie Rogers"
"741,Nellie Lee"
"942,Kate McGuire"
"382,Lucas Logan"
"222,Sallie Maldonado"
"543,Violet Frank"
"985,Tommy Robbins"
"628,Leona Flores"
"198,Ada Hansen"
"796,Susan Ball"
"493,Elva Wilkins"
"160,Danny Ruiz"
"869,Jackson McBride"
"621,Christina Vasquez"
"36,Frederick Chavez"
"979,Callie Kelley"
"462,Georgie Ramos"
"999,Amelia Curtis"
"343,Vincent Ryan"
"130,Kathryn Cobb"
"809,Daisy Burns"
"62,Dean Roy"
"10,Paul Robertson"
"558,Laura Garrett"
"138,Pauline Richardson"
"753,Sue Sandoval"
"222,Alma Patrick"
"857,Edna Elliott"
"236,Sarah Jefferson"
"892,Nannie Nichols"
"482,Susan Silva"
"344,Sylvia White"
"466,Harry Rios"
"802,Vernon Stewart"
"730,Theresa Brown"
"825,Jeanette Roy"
"658,Max Ball"
"406,Alan Johnson"
"206,Mabelle Guerrero"
"278,Barbara Casey"
"75,Anthony Williamson"
"657,Stanley Wheeler"
"162,Rosie Larson"
"584,Antonio Murray"
"29,Isabella Becker"
"741,Addie Sharp"
"939,Lela Fowler"
"783,Emilie Riley"
"400,Irene Carlson"
"526,Joshua Walsh"
"588,Brent Campbell"
"851,Jennie Castillo"
"703,Dominic Reynolds"
"417,Miguel Stewart"
"390,Sallie Casey"
"709,Maude Gardner"
"939,Cody Sullivan"
"550,Alexander Munoz"
"401,Lizzie Kelley"
"942,George Perez"
"497,Jessie Silva"
"247,David Drake"
"848,Dominic Wilkins"
"208,Nicholas White"
"629,Minerva Young"
"361,Mamie Mathis"
"41,Flora Jones"
"805,Jane Sharp"
"96,Darrell Elliott"
"693,Eula Salazar"
"527,Nathan Dean"
"49,Della Reynolds"
"370,Milton Murphy"
"703,Kathryn Blake"
"942,Jayden Walton"
"453,Robert Estrada"
"372,Douglas Ruiz"
"280,Cameron Pearson"
"361,Madge Kelley"
"616,Eula Osborne"
"456,Winnie McBride"
"655,Kyle Chambers"
"160,Calvin Salazar"
"189,Claudia Swanson"
"717,Beulah Sims"
"788,Nina Shelton"
"440,Lydia Davidson"
"209,Cynthia Reynolds"
"182,Kyle Ramirez"
"400,Rena Nash"
"124,Lou Howell"
"773,Sarah Figueroa"
"979,Shane Rose"
"914,Georgie Dean"
"888,Alice Sanders"
"315,Lydia Schmidt"
"2,Miguel Gill"
"26,Fred White"
"626,Susan Fox"
"820,Thomas Underwood"
"387,Inez Graves"
"283,Annie Morrison"
"765,Scott Moody"
"317,Mildred Neal"
"147,Noah Wilkerson"
"692,Julia Burgess"
"514,Joseph Boone"
"300,Hilda Collier"
"695,David Edwards"
"769,Nettie Mathis"
"807,Leon Bowen"
"962,Blanche McDaniel"
"1000,Luis Horton"
"17,Jeff Martinez"
"940,Alfred Morton"
"937,Gertrude Jackson"
"903,Annie McDonald"
"174,Joseph Miller"
"758,Brandon Gomez"
"914,Maria Guerrero"
"670,Nell Mack"
"385,Julian Griffin"
"499,Steven Delgado"
"161,Curtis Thomas"
"915,Douglas Watts"
"209,Ethan Obrien"
"726,Gene Fletcher"
"146,Lillian Johnson"
"860,Ida Little"
"124,Charlie Brady"
"793,Cynthia Hart"
"155,Craig Benson"
"239,Steven Schmidt"
"947,Harold Horton"
"964,Iva Houston"
"116,Sadie King"
"627,Lottie Horton"
"679,Ruth Lawson"
"760,Sue Hanson"
"862,Nell Norman"
"425,Harold Mathis"
"813,Peter Santiago"
"323,Josie Vega"
"365,Maggie Hale"
"82,Daniel Blake"
"612,Jerome Rice"
"196,Mary Lamb"
"544,Ellen Todd"
"38,Chester Olson"
"410,Frances Black"
"314,Lucy Hopkins"
"893,Cory Lawrence"
"179,Brian Jordan"
"41,Jayden Clarke"
"781,Katharine Myers"
"240,Hulda Gutierrez"
"936,Gordon Copeland"
"505,Ian Webb"
"508,Madge Bowers"
"267,Alta Osborne"
"596,Isaac Newman"
"232,William Wolfe"
"924,Annie Obrien"
"35,Ricky Fletcher"
"128,Cordelia Hill"
"354,Clarence Mason"
"61,Rosalie Cruz"
"473,Alex Anderson"
"276,Dean Wood"
"201,Phoebe Hogan"
"445,Harriett Vega"
"71,Tillie Romero"
"908,Zachary Campbell"
"754,Wayne Thornton"
"354,Millie Underwood"
"873,Tom Simon"
"29,Lou Ryan"
"214,Duane Rodgers"
"443,Lewis Lee"
"733,Benjamin Carson"
"539,Polly Roy"
"454,Carrie Robertson"
"478,Iva Ramos"
"219,Angel Howell"
"301,Hettie Walker"
"416,Mitchell Carpenter"
"865,Keith Estrada"
"6,Carrie Diaz"
"337,Lucille Erickson"
"178,Dennis Miller"
"126,Joel Cole"
"578,Antonio Mann"
"536,Ricardo Cole"
"902,Amy Robertson"
"523,Dominic Edwards"
"69,Leon Thompson"
"581,Lenora Conner"
"860,Essie Pope"
"683,Aaron Schmidt"
"194,Grace Pena"
"469,Manuel Maxwell"
"87,Norman Phelps"
"617,Alexander Jackson"
"65,Lee Bridges"
"570,Ryan Montgomery"
"291,Minnie Jacobs"
"518,Evelyn Baker"
"173,Bertha Hughes"
"712,Gavin Green"
"807,Eugenia Christensen"
"918,Blanche Shaw"
"450,Ada Ray"
"622,Isabelle Doyle"
"599,Nancy Moreno"
"694,Aiden Ward"
"759,Eleanor Soto"
"510,Wesley Roberson"
"586,Mathilda Holland"
"591,Virgie Gibbs"
"107,Phillip Cannon"
"267,Jeremiah Morgan"
"774,Lois Leonard"
"619,Joshua Thornton"
"395,Leila Park"
"581,Milton Arnold"
"304,Logan Goodman"
"293,Martha Day"
"696,Earl Powell"
"297,Bill Garrett"
"644,Florence Hampton"
"335,Katherine Barnes"
"793,Vincent Allen"
"811,Allie Coleman"
"184,Verna Mann"
"150,Lucas Lowe"
"4,Bertie Walters"
"316,Luella Mullins"
"359,Helena Ryan"
"121,Johanna Davidson"
"625,Maud Gutierrez"
"483,Phoebe Anderson"
"101,Devin Hart"
"834,Francis Ballard"
"115,Kenneth Barnes"
"825,Maurice Cortez"
"4,Mitchell Francis"
"459,Lucy Hall"
"212,Clifford Vega"
"323,Alexander Wheeler"
"611,Warren Becker"
"685,Elnora Lowe"
"503,Cory Steele"
"222,Ruth French"
"722,Lillian Garza"
"723,Sara Gilbert"
"976,Russell Evans"
"626,Polly Evans"
"265,Jane Collins"
"421,Ian Rhodes"
"520,Elijah Willis"
"48,Stephen Boyd"
"491,May Anderson"
"214,Miguel Kim"
"993,Ricky Peters"
"633,Brandon Shaw"
"290,Amanda Schultz"
"877,Aiden Cunningham"
"885,Fanny Rodriquez"
"154,James Wheeler"
"470,Dora Wade"
"218,Lucille Barnett"
"868,Melvin West"
"667,Edna Potter"
"21,Max Bradley"
"436,Louis Daniels"
"341,Clara Day"
"392,Gordon Ramos"
"564,Helen Moody"
"178,Herman Curtis"
"988,Max Norman"
"861,Lloyd Park"
"788,Dominic Cox"
"314,Cecelia Taylor"
"267,Polly Stewart"
"413,Adele McCarthy"
"936,Andrew Hale"
"758,Tillie Martinez"
"609,Birdie Terry"
"360,Nannie Francis"
"458,Myrtle Hunter"
"814,Ida Hall"
"338,Bobby Kelly"
"98,Lois Massey"
"499,Anne Stevens"
"518,Matthew Nelson"
"906,Stanley May"
"821,Justin Greene"
"843,Ruth Elliott"
"316,Roy Roberts"
"507,Johnny Warren"
"521,Lina Burton"
"715,Gilbert Ruiz"
"820,Thomas Walker"
"922,Minnie Bishop"
"369,Ralph Harvey"
"321,Isaac Davidson"
"700,Kenneth Leonard"
"63,Luis Davis"
"103,Thomas Logan"
"486,William Salazar"
"618,Martha Weaver"
"183,Ronnie Hanson"
"5,Nettie Park"
"731,Jesus Marshall"
"266,Raymond Russell"
"153,Jeff Craig"
"972,Anne Allen"
"976,Roger Turner"
"15,Myra Mendez"
"83,Henrietta Mendoza"
"763,Larry Gomez"
"243,Augusta Harrington"
"298,Lida Blake"
"526,Aaron Moss"
"437,Maude Gibson"
"625,Etta Morgan"
"277,Derrick Lynch"
"103,Adele Owens"
"421,Isabel Myers"
"824,Landon Hoffman"
"466,Lelia Wood"
"190,Jared Kelley"
"361,Betty Robinson"
"390,Eddie Alvarez"
"356,Gerald Perez"
"999,Marian Hudson"
"990,Lewis Bell"
"56,Amy Long"
"914,Mabelle Dunn"
"751,Allie Bowers"
"904,Billy Weaver"
"759,Alexander Stewart"
"934,Effie Holland"
"801,Kyle Taylor"
"692,Eva Carlson"
"896,Viola Sanchez"
"815,Stanley Floyd"
"739,Caleb Day"
"631,Grace Johnson"
"440,Nettie Edwards"
"407,Vera Thompson"
"770,Emilie Rowe"
"280,Jeffrey Mathis"
"870,James Roberts"
"547,Leonard Wood"
"21,Stephen Vaughn"
"71,Marion Austin"
"763,Logan Herrera"
"766,David Warren"
"34,Lilly Allison"
"434,Keith Baker"
"991,Erik Barker"
"658,Theodore Beck"
"476,Phoebe Watkins"
"724,Delia Fields"
"573,Adelaide Becker"
"61,Rena Reese"
"591,Keith Bowers"
"363,May Robertson"
"757,Essie Drake"
"979,Justin Barker"
"899,Oscar Fitzgerald"
"441,Jessie Palmer"
"740,Rosa Daniels"
"56,Manuel Paul"
"851,Antonio Curry"
"490,Lewis Guzman"
"974,Matilda Wagner"
"250,Jeffrey Hayes"
"252,Margaret Oliver"
"954,Adelaide Lyons"
"296,Myra French"
"637,Mildred Richardson"
"462,Ryan Robbins"
"533,Herman Carpenter"
"476,Annie Kennedy"
"467,Alice Ruiz"
"751,Lizzie Underwood"
"461,Terry Stevens"
"124,Bess Willis"
"798,Ora Howard"
"976,Nettie Allison"
"703,Jeremiah Baldwin"
"84,Cecilia Mack"
"63,Alexander Ortiz"
"965,Essie Davis"
"462,Kevin Fuller"
"672,Thomas Garrett"
"916,Adrian Salazar"
"613,Randy Cruz"
"682,Ryan Warren"
"982,Sophie Barker"
"423,Vincent Richardson"
"617,Lora Long"
"201,Eleanor Phillips"
"921,Jose Santiago"
"268,Betty Ryan"
"859,Sylvia Watts"
"374,Herbert Graham"
"989,Lee Barnett"
"18,Lee Wallace"
"607,Roxie Williamson"
"362,Tommy Marshall"
"149,Maria Ford"
"988,Lettie Steele"
"505,Myrtle Blake"
"623,Francis Rose"
"282,Barry Spencer"
"86,Marie Park"
"729,Derrick Reyes"
"749,Francis Hansen"
"381,Emma Norman"
"772,Lydia Mathis"
"324,Dora Goodman"
"328,Ricky Rodriquez"
"170,Kenneth Day"
"588,Eric Rodriquez"
"56,Brian Shaw"
"737,Craig McGee"
"978,Albert Carroll"
"232,Mabel Parks"
"157,Dean Wilkins"
"225,Herbert Harrison"
"128,Duane Palmer"
"744,Hattie Barrett"
"178,Flora Young"
"340,Danny Copeland"
"462,Owen Bennett"
"829,Kyle Ferguson"
"39,Phoebe Osborne"
"591,Lela Schwartz"
"909,Alfred Wilkins"
"383,Jason Becker"
"552,Mabel Chandler"
"852,Darrell King"
"124,Rebecca Holloway"
"117,Adelaide Weaver"
"770,Philip Park"
"614,Julia Russell"
"481,Jack Yates"
"9,Lura Bridges"
"449,Vera Jefferson"
"386,Troy Grant"
"644,Georgie Day"
"332,Jeanette Phelps"
"219,Connor Mitchell"
"118,Travis Underwood"
"67,Elnora Romero"
"727,Vincent Hopkins"
"205,Carlos Griffith"
"214,Jayden Cohen"
"576,Jon Graves"
"153,Christine Moreno"
"824,Carl Walsh"
"688,Sadie Rice"
"564,Dean Boone"
"94,Georgie Garrett"
"485,Lena Payne"
"77,Nellie Reid"
"833,Sara Wong"
"899,Edwin Sanders"
"155,Celia Zimmerman"
"228,Rhoda McLaughlin"
"465,Arthur Holloway"
"434,Ina Hammond"
"265,David Morris"
"453,Ronald McDaniel"
"49,Robert Baldwin"
"861,Carl Frazier"
"781,Cora Hubbard"
"172,Austin Howard"
"827,Elizabeth Wong"
"185,Barbara Allison"
"82,Stanley Roberson"
"500,Sean Potter"
"14,Edwin Sullivan"
"961,Timothy Bennett"
"835,Sadie Reid"
"582,Mollie Barton"
"216,Vernon Little"
"623,George Graham"
"897,Trevor McCoy"
"510,Howard Hardy"
"744,Jack Atkins"
"698,Dylan Morgan"
"480,Lucas Craig"
"591,Randall Bowers"
"588,Lou Reed"
"80,Mario Holland"
"667,Effie Perez"
"854,Wayne Pearson"
"48,Theresa Mendoza"
"280,Eleanor Cruz"
"754,Elva Frazier"
"601,Henry Leonard"
"834,Ida Fernandez"
"503,Lenora Summers"
"721,Sarah Harper"
"161,Marie Wallace"
"268,Lily Schneider"
"478,Theresa Figueroa"
"6,Adam Walters"
"339,Micheal Douglas"
"249,Myra Reynolds"
"177,Edna Carson"
"362,Samuel Herrera"
"744,Lottie McBride"
"891,Miguel Barker"
"193,Victor Lopez"
"37,Ann Goodman"
"195,Mary Wolfe"
"705,Johanna Bryan"
"489,Johnny Jefferson"
"96,Lula Daniel"
"512,Ryan Frank"
"895,Jeanette Davis"
"178,Lela Lane"
"475,Elnora Mason"
"14,Lelia Fox"
"981,Derrick Paul"
"472,Jon Smith"
"768,Elijah Hunter"
"881,Ethan Simmons"
"132,Harriet Moody"
"577,Mae Rowe"
"508,Arthur Bowman"
"8,Laura Simpson"
"217,Willie Cannon"
"493,Augusta Burton"
"930,Devin Rodriguez"
"642,Hallie Boone"
"941,Gene Mendez"
"435,Leo Obrien"
"634,Lee Haynes"
"756,Ricardo Conner"
"181,Maude Hale"
"626,Juan Norman"
"745,Lily Gordon"
"909,Mike Benson"
"174,Mayme Bowers"
"942,Wayne Bush"
"11,William Austin"
"93,Gavin Roberts"
"16,Hester Quinn"
"544,Nathan Christensen"
"732,Isabella Figueroa"
"460,Alma Medina"
"589,Bessie Castro"
"938,Leon Jenkins"
"432,Philip Nguyen"
"833,Rebecca Padilla"
"121,Edwin Gonzalez"
"198,Dominic Turner"
"542,Ernest McLaughlin"
"295,Joe Lewis"
"261,Bill Soto"
"766,Sara Schneider"
"239,Julia Rodriquez"
"194,Lola Bowen"
"347,Jordan Wood"
"446,Randy Delgado"
"220,Nancy Simon"
"577,Lillie Atkins"
"501,Marguerite Dixon"
"36,John Gibbs"
"768,Victoria Guerrero"
"91,Cole Curtis"
"215,Elizabeth Douglas"
"177,Danny Daniels"
"557,Joel Curry"
"532,Hallie Johnston"
"349,Ina Hunt"
"709,Norman Doyle"
"751,Logan Gonzales"
"27,Bettie Curtis"
"349,Louisa Ballard"
"995,Dorothy Floyd"
"62,Ada Cross"
"624,Elijah Chapman"
"882,Corey Parker"
"272,Ruth Abbott"
"682,May Lopez"
"793,Rhoda Chandler"
"168,Johnny Lowe"
"481,Lola Ball"
"895,Stanley Hanson"
"477,Hilda Freeman"
"403,Ethel Wade"
"603,Mamie Quinn"
"893,Francis Martinez"
"912,Madge Griffin"
"326,Cornelia Edwards"
"795,Alex Gray"
"491,Jack McCormick"
"862,Ralph Myers"
"859,Carrie Lucas"
"781,Chad Banks"
"998,Edna Ryan"
"207,Alexander McCarthy"
"723,Georgia Baker"
"757,Charlotte Harrison"
"495,Julia Edwards"
"867,John Clark"
"162,Danny Cook"
"445,Allie Soto"
"498,Rosie Walton"
"4,Robert Nichols"
"33,Evan Allison"
"438,Gordon Saunders"
"239,Mable Bennett"
"428,Laura Barrett"
"552,Juan Nash"
"575,Jeff Henry"
"816,Gilbert Spencer"
"346,Lizzie Cummings"
"112,Joe Simon"
"123,Jerome Boone"
"35,Mario Meyer"
"295,Alta Rivera"
"43,Paul Gross"
"988,Linnie Owens"
"741,Madge Adams"
"111,Matilda Ramirez"
"70,Julian Poole"
"747,Maud Norton"
"783,Bessie Chapman"
"292,Lucille Beck"
"103,Rosa Bridges"
"148,Gilbert Riley"
"777,Ruth Sutton"
"981,Logan Bishop"
"525,Olga Lane"
"386,William Burke"
"274,Thomas Schwartz"
"92,Jerome Lamb"
"551,Ruby Hughes"
"352,Brian Shelton"
"302,Margaret Parks"
"141,Zachary Baker"
"729,Sarah Thompson"
"630,Keith McGee"
"285,Bettie Malone"
"619,Norman Stevens"
"225,Randall Lambert"
"653,Edwin Mack"
"976,Eliza Fowler"
"941,Gary Zimmerman"
"389,Benjamin Jensen"
"521,Anne Davidson"
"807,Rosie Holloway"
"874,Georgia Becker"
"493,Anthony Roberson"
"659,Celia Frank"
"354,Alice Castillo"
"999,Millie Collins"
"499,Milton Wise"
"259,Devin Barker"
"58,Leah Boone"
"255,Peter Russell"
"511,Eva Sparks"
"595,Betty Harrington"
"426,Ricky Obrien"
"235,Janie Austin"
"390,Dora Butler"
"933,Marguerite Reese"
"17,Sara Webb"
"480,Rosa Chapman"
"806,Bernard Taylor"
"79,Lilly Lambert"
"151,Luella Jefferson"
"272,Millie Rodriquez"
"158,Alberta McDonald"
"784,Verna Alvarez"
"400,Ellen Pena"
"593,Ernest Underwood"
"595,Jeremy Barnett"
"834,Isaiah Larson"
"377,Georgie Bennett"
"349,Raymond Goodwin"
"357,Jeffery McDonald"
"432,Frederick Hill"
"651,Ora Hart"
"799,Leonard Crawford"
"379,Melvin Keller"
"36,Johnny Padilla"
"203,Joel Buchanan"
"543,Melvin Goodwin"
"426,May Hunter"
"310,Derek Cortez"
"497,Stella Stone"
"705,Genevieve Brown"
"574,Ian Berry"
"538,Marie Stone"
"140,Donald Pearson"
"211,Cornelia Owens"
"333,Bryan Pratt"
"317,Lloyd Harrington"
"382,Harold Castro"
"432,Eric Gregory"
"455,Lucille Yates"
"953,Harriett Day"
"878,Mitchell Newman"
"922,Irene Mendez"
"147,Bessie Barnes"
"622,Lucy Lucas"
"90,Grace McGee"
"770,Duane Alexander"
"415,Lucas Hernandez"
"623,Tyler Soto"
"265,Jay Neal"
"903,Phillip West"
"515,Matilda Gilbert"
"607,Jimmy Todd"
"527,Lillian Patterson"
"939,Keith Lynch"
"653,Lula McGee"
"662,Henry Norton"
"438,Andre Miles"
"574,Elmer Knight"
"975,Isaac Gutierrez"
"111,Lula Wong"
"856,Janie Schneider"
"317,Ora Pearson"
"955,Estella Sanders"
"995,Emilie Singleton"
"711,Mario Barrett"
"202,Theresa George"
"827,Adrian Newman"
"902,Sean Ryan"
"96,Rosie Guzman"
"741,Francis Gonzales"
"763,Myrtle Jefferson"
"959,George Hines"
"436,Maria Joseph"
"612,Amy Dean"
"553,Rachel Rhodes"
"847,Phillip Herrera"
"512,Cole Williamson"
"242,Clifford Oliver"
"373,Mattie Scott"
"904,Lucinda Sims"
"135,Louise Lawrence"
"481,Estelle Davis"
"542,Jim Ballard"
"168,Rhoda Benson"
"90,Birdie Sanchez"
"173,Dorothy Powers"
"241,Randall Drake"
"181,Rachel Curry"
"262,Luke Blair"
"148,Jonathan Coleman"
"432,Chad Rios"
"397,Sophia Stanley"
"231,Lou Keller"
"196,Edward Collins"
"716,Eunice Huff"
"1000,Kenneth Sims"
"208,Lilly Norris"
"637,Henrietta Hawkins"
"281,Amy Palmer"
"867,Estelle McKinney"
"249,Charles Williams"
"559,Nora Lynch"
"528,Jeremy George"
"37,Jon Pittman"
"554,Linnie Freeman"
"517,Antonio Foster"
"656,Tommy Simon"
"156,Bess Carter"
"334,Randy Martinez"
"297,Russell Ramsey"
"209,Ora Roberson"
"760,Joel Hudson"
"120,Dylan Riley"
"25,Ruth Vargas"
"383,Victor Cain"
"859,Aaron Colon"
"249,Eva Reyes"
"396,Garrett Walker"
"267,Christina Higgins"
"96,Edgar Fernandez"
"873,Vera Jackson"
"347,Myra Estrada"
"120,Philip Tyler"
"95,Harry Graham"
"496,Austin Ingram"
"331,Ruth Yates"
"172,Adrian Simpson"
"405,Allen Herrera"
"993,Allie Shelton"
"324,Trevor Tran"
"34,Cole Holmes"
"502,Lura Norton"
"407,Olivia Adams"
"916,Genevieve McGuire"
"919,Isabel Ramsey"
"474,Ian Carroll"
"937,Blake Abbott"
"41,Susie Montgomery"
"132,Dominic Smith"
"185,Lily Griffin"
"460,Lois Drake"
"632,Phoebe Reeves"
"426,Lura Adams"
"330,Lou Caldwell"
"652,Belle Wolfe"
"102,Victor Dennis"
"676,Lura Buchanan"
"767,Madge Ball"
"896,Carolyn Joseph"
"631,Craig Perry"
"379,Eric Chapman"
"982,Harriett Robbins"
"427,Hester Sandoval"
"328,Fanny Carson"
"270,Inez Sanders"
"339,Lina Rogers"
"601,Edgar Diaz"
"936,Dale Brady"
"433,Ruth Moreno"
"980,Hilda Bowers"
"973,Sophia Lane"
"645,Fanny Jensen"
"893,Alfred Curtis"
"669,Daniel Williamson"
"115,Harvey Peterson"
"270,May Evans"
"237,Calvin Hudson"
"68,Lola Montgomery"
"987,Jim Adkins"
"489,Samuel McCarthy"
"498,Nannie Harper"
"172,Dominic Garner"
"683,Sallie Foster"
"411,Charlotte Little"
"159,Della Lopez"
"442,Kyle Curry"
"774,Willie Banks"
"82,Gussie Adkins"
"176,Clayton Castillo"
"653,Amelia Frank"
"601,Travis Powell"
"473,Lela Harris"
"23,Kathryn McDaniel"
"223,Emily Black"
"666,Etta Rivera"
"347,Oscar Ingram"
"736,Ollie Barber"
"299,Wesley Lloyd"
"15,Amy Pierce"
"240,Robert Stevens"
"280,Lettie Nunez"
"62,Sally Lyons"
"90,Ronald Munoz"
"163,Matthew Torres"
"161,Iva Lee"
"73,Anthony Drake"
"149,Callie Fox"
"337,Curtis Carroll"
"608,Lizzie Wagner"
"839,Phillip Anderson"
"739,Glenn Cain"
"804,Irene Gibbs"
"979,Alexander Farmer"
"576,Beatrice Carson"
"381,Martha Soto"
"409,Barry Hill"
"762,Elijah Copeland"
"949,Fannie Sparks"
"16,Julian Becker"
"964,Theodore Hicks"
"809,Gilbert Collins"
"820,Keith Dawson"
"441,Myra Logan"
"170,Helena Duncan"
"333,Warren Maxwell"
"347,Harry Dunn"
"467,Lottie Klein"
"622,Mae Black"
"732,Paul Mathis"
"48,Brian Ruiz"
"762,Adele Oliver"
"241,Harold Fowler"
"764,Bessie Sutton"
"238,Florence Cook"
"784,Cody Rice"
"230,Nancy Harrison"
"812,Hulda Lindsey"
"115,Myra Woods"
"830,Eugenia Tran"
"940,Rhoda Richardson"
"771,Jackson Cruz"
"36,Lenora Huff"
"786,Aiden Thomas"
"278,Irene Wong"
"385,Loretta Graves"
"787,Dustin Blake"
"343,Francis Sutton"
"881,Erik Jones"
"494,Johnny Austin"
"143,Birdie Cooper"
"291,Ethel Snyder"
"935,Maude Wise"
"844,Rosa Hamilton"
"574,Blanche Joseph"
"814,Kenneth Casey"
"819,Lily Miles"
"554,Carrie Blair"
"895,James Wong"
"126,Victoria Tran"
"357,Beatrice Washington"
"692,Lewis Alvarez"
"753,Ida Wright"
"511,Harriet Washington"
"430,Ruth Gardner"
"692,Etta Sandoval"
"598,Curtis Morton"
"286,Henrietta Buchanan"
"716,Hester West"
"661,Vincent Figueroa"
"967,Lois Clarke"
"73,Sam Powers"
"77,Billy Maxwell"
"550,Lester Sanders"
"272,George Moran"
"946,Clarence Floyd"
"673,Alan Caldwell"
"68,Angel Reeves"
"144,Keith Floyd"
"129,Harold Alvarado"
"522,Nathaniel Little"
"360,Travis Griffin"
"9,Sylvia Coleman"
"276,Bessie Jefferson"
"855,Sadie Harper"
"933,Lola Hubbard"
"280,Cole Harmon"
"242,Walter Wallace"
"255,Maurice Garza"
"617,Francis Peterson"
"576,Mable Evans"
"578,Christian James"
"546,Ann Dixon"
"354,Tony Porter"
"609,Allie Pena"
"926,Nathan Stanley"
"43,Dennis Summers"
"656,Lydia Perkins"
"850,Helen Massey"
"16,Randy Fields"
"115,Clyde Cobb"
"907,Angel Powers"
"391,Herbert Cross"
"355,Millie Wallace"
"714,Verna Reeves"
"411,Betty Terry"
"834,Mary Collier"
"767,Myra Hamilton"
"573,Phillip Chambers"
"359,Estella McCoy"
"489,Curtis Love"
"415,Ernest Reed"
"6,Augusta Strickland"
"683,Warren Carter"
"552,Ina Morton"
"369,Leona Harper"
"652,Ruby Bennett"
"404,Maud Guzman"
"760,Lora Flores"
"234,Jim Williamson"
"829,Owen Schultz"
"411,Ricardo Stephens"
"563,Marvin Holloway"
"522,Mamie Caldwell"
"969,Mildred Conner"
"397,Anthony Ramsey"
"297,Minnie Palmer"
"185,Joshua Swanson"
"706,Max Knight"
"964,Estelle Peterson"
"662,Louis Briggs"
"357,Charles Santiago"
"820,Sara Cain"
"849,Lizzie Todd"
"449,Alex Lyons"
"68,Hilda Castro"
"946,Dorothy Rodgers"
"186,Manuel Hawkins"
"865,Nina McCormick"
"834,Caroline Patterson"
"493,Nellie Reese"
"672,Sarah Sandoval"
"314,Roy Sutton"
"414,Christina Perry"
"127,Jay Diaz"
"801,Julia Hunter"
"159,Tom Wise"
"600,Devin Stephens"
"561,Manuel Zimmerman"
"613,Gabriel Mann"
"456,Josie Johnston"
"482,Florence Young"
"714,Edna Simmons"
"943,Joseph Webb"
"905,Lucas Mack"
"438,Flora Simpson"
"523,Claudia Keller"
"201,Wesley Brady"
"250,Frances Santos"
"228,Rodney Tyler"
"382,Charles Rivera"
"466,Ophelia Park"
"983,Jose Floyd"
"131,Helena Wilkerson"
"506,Rachel May"
"270,Sue Schultz"
"986,Phoebe Guerrero"
"583,Oscar Olson"
"382,Hettie Potter"
"407,Joseph Swanson"
"730,Georgie Bush"
"760,Jayden Graves"
"156,Justin Johnston"
"513,Lulu Mills"
"166,Rosie Richardson"
"389,Lida Barton"
"640,Leroy Manning"
"604,Jayden Carpenter"
"350,Oscar Mason"
"367,Jeffrey Spencer"
"596,Andrew Dean"
"232,Luis Edwards"
"56,Louise Maxwell"
"858,Roy Morrison"
"867,Mary Cortez"
"897,Eugene Cox"
"770,Maria Carroll"
"209,Maude Harrington"
"400,Justin Harris"
"809,Matthew Moreno"
"846,Gary Moreno"
"762,Hettie Hughes"
"385,Rosa Rios"
"346,Mabel Douglas"
"242,Emily Morrison"
"84,Alice Craig"
"327,Bernice Colon"
"395,Cody Mills"
"578,Johanna Hammond"
"572,Catherine Martinez"
"502,Elsie Simpson"
"434,Ollie Houston"
"586,Isabel Brewer"
"497,Max Jackson"
"154,Florence Hodges"
"385,Leonard Garcia"
"662,Isabella Schmidt"
"406,Eva Fuller"
"414,Billy Lee"
"553,Ruth Williams"
"546,Edward Cox"
"418,Leon Tate"
"755,Gordon Blake"
"502,Lou Thompson"
"264,Joe Taylor"
"46,Milton Greer"
"721,Lucas Banks"
"324,Eugenia Lloyd"
"488,Hester Simon"
"820,Nancy Powers"
"343,Helena Walsh"
"800,Devin Grant"
"148,Caleb Flowers"
"249,Nell Ferguson"
"848,May Simon"
"818,Paul Lyons"
"216,John Washington"
"293,Steve Wade"
"117,Edward Daniels"
"978,Connor Hopkins"
"647,Cora Schultz"
"859,Ruth Silva"
"61,Linnie Douglas"
"863,Adeline Bridges"
"430,Mary Tucker"
"738,Victor Reeves"
"320,Lottie Frank"
"371,Ella Bowers"
"419,Harold Daniel"
"584,Chester Tran"
"340,Jacob Daniel"
"625,Jesus Sims"
"867,Manuel May"
"792,Millie Welch"
"123,Jesse Rodriguez"
"125,Eva Gill"
"220,Hallie Ramos"
"813,Sue Rodriguez"
"844,Daisy Lawson"
"315,Jeremy Miller"
"582,Eliza Montgomery"
"20,Edith Patrick"
"325,Beulah Day"
"68,Francis Richardson"
"929,Marie Underwood"
"155,Ophelia Watts"
"117,Cory Gray"
"984,Bill Cooper"
"312,Minnie Rodriguez"
"976,Cody Perkins"
"446,James Sparks"
"721,Barry Garcia"
"611,Jennie Bowen"
"511,Leona Brady"
"471,Emilie Carr"
"954,Dorothy Hunt"
"861,Dora George"
"84,Nicholas Turner"
"465,Scott Hicks"
"909,Philip Wilkins"
"31,Douglas Adams"
"534,Christine Carpenter"
"922,Juan Hunter"
"984,Clifford Reid"
"601,Estella Jennings"
"938,Ollie Barton"
"725,Eleanor Holland"
"399,Blanche Chapman"
"272,Linnie Watkins"
"966,Alma Stanley"
"644,Ruby Wolfe"
"455,Shane Riley"
"824,Edgar Stokes"
"739,Alice Gutierrez"
"538,Bess Mack"
"472,Carl Abbott"
"22,Alan Reid"
"891,Susie Stone"
"893,Jay Graves"
"681,Mollie McCarthy"
"503,Polly Singleton"
"701,Joseph Carr"
"403,Bernard Stevens"
"800,Rodney Harper"
"416,Gerald Ryan"
"762,Patrick Perry"
"92,Viola Lowe"
"881,Roxie McKenzie"
"14,Jeremiah Russell"
"817,Dylan Gomez"
"623,Mario Harris"
"491,Gerald Anderson"
"899,Dorothy Thornton"
"524,Ollie Griffith"
"842,Joel Bennett"
"594,Bessie Shaw"
"951,Birdie Hoffman"
"173,Minerva Mitchell"
"891,Emily Wong"
"248,Arthur Stevenson"
"491,Hulda Olson"
"794,Leila Ramirez"
"434,Cora Lloyd"
"15,Katharine Porter"
"407,Hattie Coleman"
"249,Seth Guzman"
"935,Katherine Briggs"
"756,Ida Maxwell"
"720,Frances Lawrence"
"721,Janie Bowen"
"891,Theodore Gregory"
"996,Rebecca Steele"
"665,Vera Morgan"
"932,Rachel Manning"
"876,Derek Ford"
"222,Don Rhodes"
"588,Garrett Torres"
"441,Linnie Brewer"
"804,Ollie Davidson"
"490,Scott Adams"
"336,Delia Meyer"
"948,Grace Lewis"
"180,Ethel Sharp"
"809,Amelia Gibbs"
"565,Caroline Carpenter"
"972,Chase Lawrence"
"879,Jane Haynes"
"562,Billy Murray"
"173,Estelle Colon"
"371,Katharine Graham"
"310,Eunice Montgomery"
"876,Brandon Santos"
"555,Mathilda Daniel"
"455,Justin McBride"
"704,Elmer Schmidt"
"604,Myrtie Blake"
"833,Adeline Stevenson"
"153,Rhoda Nelson"
"350,Michael Dawson"
"511,Mike Ramos"
"379,Cecilia Stewart"
"434,Chester Valdez"
"311,Daisy Ross"
"818,Alma Clayton"
"232,Lena Zimmerman"
"310,Nellie Underwood"
"105,Dora Curry"
"93,Alan Stephens"
"819,Adelaide Murphy"
"670,Linnie Fowler"
"163,Allen Dean"
"577,Marvin Mack"
"363,Beatrice Moss"
"183,Francisco Love"
"327,Cornelia Baldwin"
"578,Lida Palmer"
"224,Steven Flores"
"121,Augusta Jefferson"
"138,Alan Sutton"
"316,Floyd Delgado"
"218,Aaron Gonzalez"
"371,Gary Grant"
"269,Bertha Barber"
"653,Jeffrey Lindsey"
"402,Lilly Baldwin"
"425,Julia Dean"
"826,Landon Davidson"
"929,Juan Guerrero"
"313,Stephen Gibbs"
"13,Julia Powers"
"936,Ruby Fields"
"790,Catherine Allen"
"184,Lois Grant"
"648,Maud Ford"
"268,Winnie Shaw"
"893,Florence Brown"
"931,Leon Ramirez"
"744,Julian Simon"
"605,Susie Brock"
"148,Fannie Curry"
"134,Lottie Harmon"
"482,Louisa Hamilton"
"171,Glenn Hardy"
"211,Marian McDonald"
"525,Steven Flowers"
"149,Chase Bishop"
"850,Linnie Gibson"
"518,Vernon Atkins"
"732,Amanda Olson"
"506,Ray Brooks"
"301,Leila Tucker"
"51,Nelle Terry"
"464,Anne Oliver"
"849,Addie Clark"
"186,Logan Little"
"130,David Boyd"
"971,Julia Aguilar"
"774,Verna Pope"
"735,Augusta Waters"
"585,Isabella Gibbs"
"169,Mittie Freeman"
"747,Milton Cruz"
"897,Victor Todd"
"359,Frances Price"
"278,Milton Warren"
"518,Lloyd Adams"
"436,Jon Bishop"
"604,Alta Tran"
"66,May Bates"
"248,Millie Quinn"
"371,Clarence Walker"
"752,Eliza Lynch"
"847,Tommy Yates"
"392,Craig Watson"
"196,Leona Hampton"
"404,Etta Atkins"
"325,Marc Brewer"
"454,Allen Bryant"
"415,Stella Stewart"
"836,George Palmer"
"741,Eugenia McCormick"
"350,Jeff Wagner"
"427,Emilie Hudson"
"955,Henry Carter"
"197,Floyd McBride"
"112,Marvin Tucker"
"534,Jesus Townsend"
"895,Beatrice King"
"430,Gussie Morris"
"976,Charlotte Ross"
"684,Henrietta Baker"
